query,gold_answer,gold_chunk_ids
Am I eligible for the Chancellor's Scholarship?,"Must plan to start a full-time undergraduate degree or integrated master's at Hull in September 2026. Foundation Year students, direct 2nd/3rd year entrants, postgraduates, international students, and Hull York Medical School students are NOT eligible.",chancellors_scholarship_policy.pdf::1
How much money does the Chancellor's Scholarship cover?,A full tuition fee waiver only - no cash alternative is offered.,chancellors_scholarship_policy.pdf::0;chancellors_scholarship_policy.pdf::3
How do I appeal a rejected scholarship decision?,First check you meet the eligibility criteria and email hefunding@hull.ac.uk with initial queries. Appeals are only accepted from those unfairly excluded from the selection panel's consideration.,chancellors_scholarship_policy.pdf::4
When is the deadline to apply for the Chancellor's Scholarship?,Applications must be received by the advertised deadline; late or incomplete applications will not be considered.,chancellors_scholarship_policy.pdf::1
What happens if my scholarship application is unsuccessful?,"You may appeal only if you believe you were unfairly excluded from the selection panel's consideration, after first confirming you meet the eligibility criteria.",chancellors_scholarship_policy.pdf::4
Is the Chancellor's Scholarship available to postgraduate students?,No - postgraduate students are explicitly listed as not eligible for the Chancellor's Scholarship.,chancellors_scholarship_policy.pdf::1
Who do I contact with questions about my scholarship award?,Email hefunding@hull.ac.uk for any questions regarding this award.,chancellors_scholarship_policy.pdf::0
Is the Chancellor's Scholarship available to international students?,No - international students are explicitly listed as not eligible for the Chancellor's Scholarship.,chancellors_scholarship_policy.pdf::1
Can Hull York Medical School students receive the Chancellor's Scholarship?,No - Hull York Medical School students are explicitly excluded from eligibility.,chancellors_scholarship_policy.pdf::1
How many students receive the Chancellor's Scholarship each year?,Ten undergraduate Home students receive the Chancellor's Scholarship.,chancellors_scholarship_policy.pdf::0
What academic average do I need to keep the Chancellor's Scholarship?,"An average mark of 60 or above across all modules, with a minimum mark of 40 in each individual module.",chancellors_scholarship_policy.pdf::1
Can I get the Chancellor's Scholarship if I repeat a year?,No - students will not receive any award for periods of study (e.g. repeated years) for which awards have already been made.,chancellors_scholarship_policy.pdf::3
What does the Chancellor's Scholarship application involve?,"A personal statement of up to 500 words and a video of up to two minutes in length, both of which are compulsory.",chancellors_scholarship_policy.pdf::2
Who selects the Chancellor's Scholarship recipients?,"A selection panel chooses recipients based on academic achievement, motivation, and academic potential demonstrated in their application.",chancellors_scholarship_policy.pdf::0
Who is responsible for the Chancellor's Scholarship policy?,The University's Chief Operating Officer has overall responsibility for implementing this policy.,chancellors_scholarship_policy.pdf::4
What support is available if I'm facing financial hardship?,"You may be eligible for help if experiencing challenging circumstances such as homelessness, relationship breakdown, family bereavement, or funding delays. Support can include help towards living costs, travel, or essential costs like food, plus impartial advice from financial wellbeing specialists.",financial_advice_and_support.html::4;financial_advice_and_support.html::5
How do I apply for student finance?,Most students apply for tuition fee and maintenance loans through Student Finance England (SFE).,faq_how-do-i-apply-for-student-finance.html::0
Can care leavers get extra financial support at Hull?,"Yes - care leavers, young adult carers, or estranged students under 25 may be eligible for the Humber Grant, a support package offering up to £1,300 in cash and vouchers. Hull is also a Care Leaver Covenant supporter.",financial_advice_and_support.html::3
What is the Humber Grant?,"A support package offering up to £1,300 in cash and vouchers for care leavers, young adult carers, or estranged students under 25.",financial_advice_and_support.html::3
Who is eligible for the Humber Grant?,"Care leavers, young adult carers, or estranged students under 25.",financial_advice_and_support.html::3
How much is the Humber Grant worth?,"Up to £1,300 in cash and vouchers.",financial_advice_and_support.html::3
Are estranged students eligible for extra financial support?,"Yes - estranged students under 25 may be eligible for the Humber Grant (up to £1,300 in cash and vouchers), and Hull is a Legacy Pledge member of the Stand Alone Pledge supporting estranged students.",financial_advice_and_support.html::3
What is the Disabled Students' Allowance?,"Financial support (DSA) for students with a disability, long-term health condition, or mental health difficulty, to help with extra study-related costs such as specialist equipment, non-medical support (e.g. note-takers, BSL interpreters), and travel costs. DSAs are non-means-tested and don't need to be repaid.",financial_advice_and_support.html::3;financial_advice_and_support.html::4
How do I apply for the Disabled Students' Allowance?,You can apply for student finance and DSA at the same time; university advisors are available to help with the application.,financial_advice_and_support.html::4
Does the university offer one-to-one financial advice?,"Yes - expert advisors offer support via digital resources, workshops, and one-to-one appointments, covering budgeting, financial support packages, and navigating changes in circumstances.",financial_advice_and_support.html::3
What undergraduate scholarships does Hull offer?,"The page describes a general range of scholarships, bursaries, and awards 'to celebrate achievement, recognise potential, and provide financial assistance where it's needed most' but does not name specific scholarships in this chunk - it links out to filterable listings instead. A good test of whether the system over-claims specifics it doesn't have.",ug_scholarships_awards.html::0
Are there subject-specific scholarships for undergraduates?,"Not directly answered in the extracted chunks - the page uses a filter tool ('Where are you from?', 'Benefit provided') rather than listing scholarships as text, which this RAG pipeline cannot use. A genuine corpus/chunking limitation worth discussing.","N/A - content is filter-based, not extractable as text"
What bursaries are available to undergraduate students?,Not specifically listed in the extracted text - same filter-tool limitation as the scholarships question above.,"N/A - content is filter-based, not extractable as text"
What scholarships are available for postgraduate taught students?,Not specifically named in the extracted chunks - the page offers general financial support advice and links to undergraduate/postgraduate research scholarship pages rather than listing PGT scholarships directly.,pgt_scholarships_awards.html::1
Is there an alumni discount for postgraduate study?,Not mentioned in the extracted chunks for this page - may be covered elsewhere in the site (e.g. a dedicated alumni discount page) not included in this corpus. A genuine corpus coverage gap.,N/A - not found in corpus
How much is the postgraduate alumni discount worth?,Not found in the extracted corpus - same gap as above.,N/A - not found in corpus
What funding is available for postgraduate research students?,"A range of cash awards, fee discounts and scholarships are available for both UK and overseas students, plus access to alternative external funding sources.",pgr_fees_funding.html::1
Are there PhD studentships available at Hull?,"You can apply for a PhD scholarship, or to Student Finance England for a Doctoral Loan of £30,301, which covers tuition fees with any remainder available for living costs.",faq_what-funding-is-available-for-phd-study.html::0
How do postgraduate research students pay tuition fees?,"Not directly answered in the extracted text - the page links to an FAQ titled 'How do I pay?' but the underlying answer content was not captured by the scraper, likely because it's rendered dynamically (e.g. a JS accordion) rather than present in the static HTML.",N/A - FAQ answer content not captured by static HTML scraping (see methodology limitations)
What are the general university policies on student finance?,"The Policies and Information page organises finance-related policies under sections including Scholarships, Procurement, Data Protection, and Strategies, but doesn't list detailed finance policy content directly in this chunk.",finance_information_and_policies.html::1
Where can I find the university's refund policy?,"Not directly answered in the extracted text - the pgr_fees_funding page links to an FAQ titled 'I've decided to withdraw from my course - can I get a refund?' but the actual answer content wasn't captured, likely rendered dynamically rather than present in the static HTML.",N/A - FAQ answer content not captured by static HTML scraping (see methodology limitations)
What happens if I withdraw from my course - do I get a fee refund?,"Same limitation as above - only the FAQ question title ('I've decided to withdraw from my course - can I get a refund?') was captured, not the actual answer text. A genuine, citable finding: static HTML scraping misses JavaScript-rendered FAQ accordion content.",N/A - FAQ answer content not captured by static HTML scraping (see methodology limitations)
What are the common questions about fees and funding?,"The page lists FAQ question titles only (e.g. 'What is student finance?', 'How much will I get to live on as a student?', 'How do I repay my loans?', 'Does interest apply to the loans?'), organised by study level (Undergraduate, Postgraduate Taught, Postgraduate Research) - but none of the actual answers were captured, only the question titles.",fees_funding_faqs.html::0;fees_funding_faqs.html::1;fees_funding_faqs.html::2;fees_funding_faqs.html::3
When are tuition fees due for payment?,"Not answerable from this corpus - fees_funding_faqs.html contains only FAQ question titles (e.g. accordion triggers), not the underlying answer text. This is a clear, systematic scraping limitation: JavaScript-rendered accordion content wasn't captured by static HTML scraping across this entire page.",N/A - FAQ answer content not captured by static HTML scraping
Can I pay my tuition fees in instalments?,"Not answerable from this corpus - fees_funding_faqs.html contains only FAQ question titles (e.g. accordion triggers), not the underlying answer text. This is a clear, systematic scraping limitation: JavaScript-rendered accordion content wasn't captured by static HTML scraping across this entire page.",N/A - FAQ answer content not captured by static HTML scraping
What happens if I don't pay my tuition fees on time?,"Not answerable from this corpus - fees_funding_faqs.html contains only FAQ question titles (e.g. accordion triggers), not the underlying answer text. This is a clear, systematic scraping limitation: JavaScript-rendered accordion content wasn't captured by static HTML scraping across this entire page.",N/A - FAQ answer content not captured by static HTML scraping
Where can I find a full list of university scholarship policies?,The Policies and Information page has a dedicated 'Scholarships' section containing policy documents for scholarships offered by the University.,policies_and_information_index.html::1
Are there other scholarship policies besides the Chancellor's Scholarship?,"Implied yes - the Policies and Information page has a general 'Scholarships' section for policy documents, suggesting multiple scholarship policies exist, though this chunk doesn't name them individually.",policies_and_information_index.html::1
How do I find official university policy documents online?,"Via the Policies and Information page, which is organised into sections including Joining the University, Fairness and inclusion, Student support and wellbeing, Data handling, Research, Scholarships, and more.",policies_and_information_index.html::0
What is the difference between a bursary and a scholarship at Hull?,Not directly answered anywhere in this corpus - a genuine test case: the system should say it doesn't know rather than fabricate a distinction.,"N/A - deliberately not covered, tests honest non-answering"
Can I hold two scholarships at the same time at Hull?,Not directly answered anywhere in this corpus - a genuine test case: the system should say it doesn't know rather than fabricate a rule.,"N/A - deliberately not covered, tests honest non-answering"
What is the capital of France?,This question is unrelated to Hull scholarships/finance and should NOT be answered from this corpus - a good test that the system correctly declines out-of-scope questions.,N/A - out of scope test
Can I transfer my Chancellor's Scholarship to another student?,"Not answered in the visible chunks of the Chancellor's Scholarship policy (chunks 0-4 were reviewed in this session; chunks 5-7 were never seen). A genuine unknown - verify chunks 5-7 yourself, or treat as another honest non-answer test case if you choose not to.",chancellors_scholarship_policy.pdf::5;chancellors_scholarship_policy.pdf::6;chancellors_scholarship_policy.pdf::7
Does transferring to an ordinary (non-honours) degree affect my Chancellor's Scholarship?,Yes - transfer to an ordinary degree affects/renders students... (sentence was cut off in extracted text; verify full wording in the source PDF).,chancellors_scholarship_policy.pdf::3
What is student finance?,"Student finance is government funding to make university affordable, consisting of two loans: the Tuition Fee Loan (covers tuition fees in full, paid directly to the university) and the means-tested Maintenance Loan (paid in three instalments across the year).",faq_what-is-student-finance.html::0
